doctor_name,specialization,city,clinic,rating,reviews_count,experience_years,price,consultation_format,source,profile_url
Ирина Волкова Владимировна,Психолог,Алматы,"Психологический центр ""ПсихоТерапия Семьи""",4,22,27,20000,,idoctor.kz,https://idoctor.kz/almaty/doctor/1118-volkova-irina-vladimirovna
Ирина Волкова Владимировна,Психолог,Алматы,"Психологический центр ""ПсихоТерапия Семьи""",4,22,27,20000,,idoctor.kz,https://idoctor.kz/almaty/doctor/1118-volkova-irina-vladimirovna#review
Кенжебаева Камила Сейткамаловна,Детский офтальмолог,Алматы,A CLINIC - Многопрофильный медицинский центр,5,5,35,20000,,idoctor.kz,https://idoctor.kz/almaty/doctor/1224596-kenzhebaeva-kamila-seytkamalovna
Кенжебаева Камила Сейткамаловна,Детский офтальмолог,Алматы,A CLINIC - Многопрофильный медицинский центр,5,5,35,20000,,idoctor.kz,https://idoctor.kz/almaty/doctor/1224596-kenzhebaeva-kamila-seytkamalovna#review
Стадольник Венера Ринатовна,Психолог,Алматы,Совершенство,5,1,8,15000,,idoctor.kz,https://idoctor.kz/almaty/doctor/1224616-stadolnik-venera-rinatovna
Стадольник Венера Ринатовна,Психолог,Алматы,Совершенство,5,1,8,15000,,idoctor.kz,https://idoctor.kz/almaty/doctor/1224616-stadolnik-venera-rinatovna#review
Мекишева Асия Асылбековна,Офтальмолог (окулист),Алматы,Medical Park - Медицинский центр,5,19,36,13200,,idoctor.kz,https://idoctor.kz/almaty/doctor/1224642-mekisheva-asiya-asylbekovna
Мекишева Асия Асылбековна,Офтальмолог (окулист),Алматы,Medical Park - Медицинский центр,5,19,36,13200,,idoctor.kz,https://idoctor.kz/almaty/doctor/1224642-mekisheva-asiya-asylbekovna#review
Сагандыкова Алия Ниязовна,Офтальмолог (окулист),Алматы,АЛЬТА - Медицинский центр на Жандосова,5,5,28,16000,,idoctor.kz,https://idoctor.kz/almaty/doctor/1224716-sagandykova-aliya-niyazovna
Сагандыкова Алия Ниязовна,Офтальмолог (окулист),Алматы,АЛЬТА - Медицинский центр на Жандосова,5,5,28,16000,,idoctor.kz,https://idoctor.kz/almaty/doctor/1224716-sagandykova-aliya-niyazovna#review
Андреева Наталья Владимировна,Оптометрист,Алматы,Visiomed - Офтальмологическая клиника на Каримова,,,,0,,idoctor.kz,https://idoctor.kz/almaty/doctor/1224913-andreeva-natalya-vladimirovna
Андреева Наталья Владимировна,Оптометрист,Алматы,Visiomed - Офтальмологическая клиника на Каримова,,,,0,,idoctor.kz,https://idoctor.kz/almaty/doctor/1224913-andreeva-natalya-vladimirovna#review
Берешева Гульнара Саматовна,Психолог,Алматы,Абсолют - Центр психологической помощи,5,135,19,33000,,idoctor.kz,https://idoctor.kz/almaty/doctor/1224925-beresheva-gulnara-samatovna
Берешева Гульнара Саматовна,Психолог,Алматы,Абсолют - Центр психологической помощи,5,135,19,33000,,idoctor.kz,https://idoctor.kz/almaty/doctor/1224925-beresheva-gulnara-samatovna#review
Тыщенко Ольга Борисовна,Психолог,Алматы,Абсолют - Центр психологической помощи,5,164,10,33000,,idoctor.kz,https://idoctor.kz/almaty/doctor/1225014-tyshchenko-olga-borisovna
Тыщенко Ольга Борисовна,Психолог,Алматы,Абсолют - Центр психологической помощи,5,164,10,33000,,idoctor.kz,https://idoctor.kz/almaty/doctor/1225014-tyshchenko-olga-borisovna#review
Тургумбаева Лейла Игиликовна,Психолог,Алматы,ГКП на ПХВ «Центр психического здоровья»,4,7,35,10000,,idoctor.kz,https://idoctor.kz/almaty/doctor/1225108-turgumbaeva-leyla-igilikovna
Тургумбаева Лейла Игиликовна,Психолог,Алматы,ГКП на ПХВ «Центр психического здоровья»,4,7,35,10000,,idoctor.kz,https://idoctor.kz/almaty/doctor/1225108-turgumbaeva-leyla-igilikovna#review
Сарбасова Ардак Галымовна,Психолог,Алматы,Кабинет психолога Сарбасовой А.Г.,5,85,8,31500,,idoctor.kz,https://idoctor.kz/almaty/doctor/1225122-sarbasova-ardak-galymovna
Сарбасова Ардак Галымовна,Психолог,Алматы,Кабинет психолога Сарбасовой А.Г.,5,85,8,31500,,idoctor.kz,https://idoctor.kz/almaty/doctor/1225122-sarbasova-ardak-galymovna#review
Айдарбек Айдана Бауржановна,Педиатр,Алматы,Uki - Многопрофильная клиника,5,14,6,18000,,idoctor.kz,https://idoctor.kz/almaty/doctor/1225373-aydarbek-aydana-baurzhanovna
Айдарбек Айдана Бауржановна,Педиатр,Алматы,Uki - Многопрофильная клиника,5,14,6,18000,,idoctor.kz,https://idoctor.kz/almaty/doctor/1225373-aydarbek-aydana-baurzhanovna#review
Смайлова Гульзайна Аманжоловна,Офтальмолог (окулист),Алматы,Visiomed - Офтальмологическая клиника на Каримова,5,1,11,15000,,idoctor.kz,https://idoctor.kz/almaty/doctor/1225698-smaylova-gulzayna-amanzholovna
Смайлова Гульзайна Аманжоловна,Офтальмолог (окулист),Алматы,Visiomed - Офтальмологическая клиника на Каримова,5,1,11,15000,,idoctor.kz,https://idoctor.kz/almaty/doctor/1225698-smaylova-gulzayna-amanzholovna#review
Есенкулов Едге Сейтханович,Семейный психолог,Алматы,"Центр психологии ""Нагваль""",5,13,35,10000,,idoctor.kz,https://idoctor.kz/almaty/doctor/1225882-esenkulov-edge-seytkhanovich
Есенкулов Едге Сейтханович,Семейный психолог,Алматы,"Центр психологии ""Нагваль""",5,13,35,10000,,idoctor.kz,https://idoctor.kz/almaty/doctor/1225882-esenkulov-edge-seytkhanovich#review
Жаксымуратова Куралай Закировна,Офтальмолог (окулист),Алматы,Медицинский центр Orhun Medical на Шевченко,,,15,20000,,idoctor.kz,https://idoctor.kz/almaty/doctor/1226010-zhaksymuratova-kuralay-zakirovna
Жаксымуратова Куралай Закировна,Офтальмолог (окулист),Алматы,Медицинский центр Orhun Medical на Шевченко,,,15,20000,,idoctor.kz,https://idoctor.kz/almaty/doctor/1226010-zhaksymuratova-kuralay-zakirovna#review
Гараева Лилия Айратовна,Реабилитолог,Алматы,Хороший доктор - Многопрофильная клиника,5,1,13,40000,,idoctor.kz,https://idoctor.kz/almaty/doctor/1226207-garaeva-liliya-ayratovna
Гараева Лилия Айратовна,Реабилитолог,Алматы,Хороший доктор - Многопрофильная клиника,5,1,13,40000,,idoctor.kz,https://idoctor.kz/almaty/doctor/1226207-garaeva-liliya-ayratovna#review
Андреева Евгения Александровна,Офтальмолог (окулист),Алматы,Visiomed-Офтальмологическая клиника на Навои,5,1,13,13500,,idoctor.kz,https://idoctor.kz/almaty/doctor/1226364-andreeva-evgeniya-aleksandrovna
Андреева Евгения Александровна,Офтальмолог (окулист),Алматы,Visiomed-Офтальмологическая клиника на Навои,5,1,13,13500,,idoctor.kz,https://idoctor.kz/almaty/doctor/1226364-andreeva-evgeniya-aleksandrovna#review
Самсонов Евгений Сергеевич,Невролог (Невропатолог),Алматы,Atlant clinic - Реабилитационный центр,5,3,11,17000,,idoctor.kz,https://idoctor.kz/almaty/doctor/1226368-samsonov-evgeniy-sergeevich
Самсонов Евгений Сергеевич,Невролог (Невропатолог),Алматы,Atlant clinic - Реабилитационный центр,5,3,11,17000,,idoctor.kz,https://idoctor.kz/almaty/doctor/1226368-samsonov-evgeniy-sergeevich#review
Мусабаева Рысты Еркінбекқызы,Офтальмолог (окулист),Алматы,Глазная клиника доктора Кравцова,,,6,15000,,idoctor.kz,https://idoctor.kz/almaty/doctor/1226383-musabaeva-rysty-erkinbekyzy
Мусабаева Рысты Еркінбекқызы,Офтальмолог (окулист),Алматы,Глазная клиника доктора Кравцова,,,6,15000,,idoctor.kz,https://idoctor.kz/almaty/doctor/1226383-musabaeva-rysty-erkinbekyzy#review
Костяев Артур Игоревич,Психолог,Алматы,Кабинет психолога-аддиктолога Костяева А.И.,5,27,7,25000,,idoctor.kz,https://idoctor.kz/almaty/doctor/1227012-kostyaev-artur-igorevich
Костяев Артур Игоревич,Психолог,Алматы,Кабинет психолога-аддиктолога Костяева А.И.,5,27,7,25000,,idoctor.kz,https://idoctor.kz/almaty/doctor/1227012-kostyaev-artur-igorevich#review
Ахметова Камилла Болаткановна,Психолог,Алматы,Асар Медикус - Медицинский центр на Брусиловского,5,12,17,20000,,idoctor.kz,https://idoctor.kz/almaty/doctor/1227044-akhmetova-kamilla-bolatkanovna
Ахметова Камилла Болаткановна,Психолог,Алматы,Асар Медикус - Медицинский центр на Брусиловского,5,12,17,20000,,idoctor.kz,https://idoctor.kz/almaty/doctor/1227044-akhmetova-kamilla-bolatkanovna#review
Жангабылова Малика Евгеньевна,ВОП (врач общей практики),Алматы,Uki - Многопрофильная клиника,5,5,5,15000,,idoctor.kz,https://idoctor.kz/almaty/doctor/1227056-zhangabylova-malika-evgenevna
Жангабылова Малика Евгеньевна,ВОП (врач общей практики),Алматы,Uki - Многопрофильная клиника,5,5,5,15000,,idoctor.kz,https://idoctor.kz/almaty/doctor/1227056-zhangabylova-malika-evgenevna#review
Шон Бибарс Калдыбайулы,Психолог,Алматы,Абсолют - Центр психологической помощи,5,15,13,30000,,idoctor.kz,https://idoctor.kz/almaty/doctor/1227386-shon-bibars-kaldybayuly
Шон Бибарс Калдыбайулы,Психолог,Алматы,Абсолют - Центр психологической помощи,5,15,13,30000,,idoctor.kz,https://idoctor.kz/almaty/doctor/1227386-shon-bibars-kaldybayuly#review
Бурданова Татьяна Владимировна,Офтальмолог (окулист),Алматы,Aman Pediatric - Детский медицинский центр,5,2,,17000,,idoctor.kz,https://idoctor.kz/almaty/doctor/1227400-burdanova-tatyana-vladimirovna
Бурданова Татьяна Владимировна,Офтальмолог (окулист),Алматы,Aman Pediatric - Детский медицинский центр,5,2,,17000,,idoctor.kz,https://idoctor.kz/almaty/doctor/1227400-burdanova-tatyana-vladimirovna#review
Стуковина Виктория Юрьевна,Онкомаммолог,Алматы,MamaVita - Центр женского здоровья на Навои,5,1,8,12000,,idoctor.kz,https://idoctor.kz/almaty/doctor/1227498-stukovina-viktoriya-yurevna
Стуковина Виктория Юрьевна,Онкомаммолог,Алматы,MamaVita - Центр женского здоровья на Навои,5,1,8,12000,,idoctor.kz,https://idoctor.kz/almaty/doctor/1227498-stukovina-viktoriya-yurevna#review
Касенова Айгуль Болатбековна,Офтальмолог (окулист),Алматы,Visiomed - Офтальмологическая клиника на Каримова,5,12,13,15000,,idoctor.kz,https://idoctor.kz/almaty/doctor/1227818-kasenova-aygul-bolatbekovna
Касенова Айгуль Болатбековна,Офтальмолог (окулист),Алматы,Visiomed - Офтальмологическая клиника на Каримова,5,12,13,15000,,idoctor.kz,https://idoctor.kz/almaty/doctor/1227818-kasenova-aygul-bolatbekovna#review
Умбет Сымбат Алпысбайкызы,Маммолог,Алматы,,5,6,6,7000,,idoctor.kz,https://idoctor.kz/almaty/doctor/1228062-umbet-symbat-alpysbaykyzy
Умбет Сымбат Алпысбайкызы,Маммолог,Алматы,,5,6,6,7000,,idoctor.kz,https://idoctor.kz/almaty/doctor/1228062-umbet-symbat-alpysbaykyzy#review
Асанова Зара Набиевна,Узист,Алматы,Центр Эндокринной Гинекологии,,,,30000,,idoctor.kz,https://idoctor.kz/almaty/doctor/1228369-asanova-zara-nabievna
Асанова Зара Набиевна,Узист,Алматы,Центр Эндокринной Гинекологии,,,,30000,,idoctor.kz,https://idoctor.kz/almaty/doctor/1228369-asanova-zara-nabievna#review
Нуржанов Асылжан Нуржанович,Реабилитолог,Алматы,Центр вертебралогии и ортопедии доктора Ратинова- Медицинский центр,,,7,7000,,idoctor.kz,https://idoctor.kz/almaty/doctor/1228413-nurzhanov-asylzhan-nurzhanovich
Нуржанов Асылжан Нуржанович,Реабилитолог,Алматы,Центр вертебралогии и ортопедии доктора Ратинова- Медицинский центр,,,7,7000,,idoctor.kz,https://idoctor.kz/almaty/doctor/1228413-nurzhanov-asylzhan-nurzhanovich#review
Ибадиллаулы Ерлан,Вертебролог,Алматы,Expert Neuro - Медицинский центр на Тимирязева,5,1,,5000,,idoctor.kz,https://idoctor.kz/almaty/doctor/1228414-ibadillauly-erlan
Ибадиллаулы Ерлан,Вертебролог,Алматы,Expert Neuro - Медицинский центр на Тимирязева,5,1,,5000,,idoctor.kz,https://idoctor.kz/almaty/doctor/1228414-ibadillauly-erlan#review
Мурат Айнур Муратовна,Невролог (Невропатолог),Алматы,Центр вертебралогии и ортопедии доктора Ратинова- Медицинский центр,5,1,14,10500,,idoctor.kz,https://idoctor.kz/almaty/doctor/1228415-murat-aynur-muratovna
Мурат Айнур Муратовна,Невролог (Невропатолог),Алматы,Центр вертебралогии и ортопедии доктора Ратинова- Медицинский центр,5,1,14,10500,,idoctor.kz,https://idoctor.kz/almaty/doctor/1228415-murat-aynur-muratovna#review
Каиргали Шолпан,Психолог,Алматы,IdDrive Center – Психолого-коммуникационный центр,5,56,35,14990,,idoctor.kz,https://idoctor.kz/almaty/doctor/1228495-kairgali-sholpan
Каиргали Шолпан,Психолог,Алматы,IdDrive Center – Психолого-коммуникационный центр,5,56,35,14990,,idoctor.kz,https://idoctor.kz/almaty/doctor/1228495-kairgali-sholpan#review
Шабанова Анастасия Анатольевна,Офтальмолог (окулист),Алматы,Глазная клиника доктора Кравцова,,,5,0,,idoctor.kz,https://idoctor.kz/almaty/doctor/1228632-shabanova-anastasiya-anatolevna
Шабанова Анастасия Анатольевна,Офтальмолог (окулист),Алматы,Глазная клиника доктора Кравцова,,,5,0,,idoctor.kz,https://idoctor.kz/almaty/doctor/1228632-shabanova-anastasiya-anatolevna#review
Жұмағұлова Фарида Орымбекқызы,Офтальмолог (окулист),Алматы,AQMED - Медицинский центр на Аксай,,,,0,,idoctor.kz,https://idoctor.kz/almaty/doctor/1228664-zhmalova-farida-orymbekyzy
Жұмағұлова Фарида Орымбекқызы,Офтальмолог (окулист),Алматы,AQMED - Медицинский центр на Аксай,,,,0,,idoctor.kz,https://idoctor.kz/almaty/doctor/1228664-zhmalova-farida-orymbekyzy#review
Сулейманов Эльман Новруз,Психолог,Алматы,AziMed - Медицинский центр,5,5,,25000,,idoctor.kz,https://idoctor.kz/almaty/doctor/1228714-suleymanov-elman-novruz-ogly
Сулейманов Эльман Новруз,Психолог,Алматы,AziMed - Медицинский центр,5,5,,25000,,idoctor.kz,https://idoctor.kz/almaty/doctor/1228714-suleymanov-elman-novruz-ogly#review
Мұсабек Ақсәуле Талғатқызы,Офтальмолог (окулист),Алматы,Visiomed - Офтальмологическая клиника на Каримова,,,,12000,,idoctor.kz,https://idoctor.kz/almaty/doctor/1228730-msabek-asule-talatyzy
Мұсабек Ақсәуле Талғатқызы,Офтальмолог (окулист),Алматы,Visiomed - Офтальмологическая клиника на Каримова,,,,12000,,idoctor.kz,https://idoctor.kz/almaty/doctor/1228730-msabek-asule-talatyzy#review
Алиева Эльмира Кушалиевна,Пластический хирург,Алматы,Медицинский центр Orhun Medical на Казыбек би,,,17,20000,,idoctor.kz,https://idoctor.kz/almaty/doctor/1228752-alieva-elmira-kushalievna
Алиева Эльмира Кушалиевна,Пластический хирург,Алматы,Медицинский центр Orhun Medical на Казыбек би,,,17,20000,,idoctor.kz,https://idoctor.kz/almaty/doctor/1228752-alieva-elmira-kushalievna#review
Молдахмет Айнура Маликовна,Гастроэнтеролог,Алматы,Emirmed - Медицинский центр на Пограничной,,,8,7000,,idoctor.kz,https://idoctor.kz/almaty/doctor/1228799-moldakhmet-aynura-malikovna
Молдахмет Айнура Маликовна,Гастроэнтеролог,Алматы,Emirmed - Медицинский центр на Пограничной,,,8,7000,,idoctor.kz,https://idoctor.kz/almaty/doctor/1228799-moldakhmet-aynura-malikovna#review
Исаев Али Баурджанулы,Офтальмолог (окулист),Алматы,AQMED - Медицинский центр Шаляпина,,,,4900,,idoctor.kz,https://idoctor.kz/almaty/doctor/1229182-isaev-ali-baurdzhanuly
Исаев Али Баурджанулы,Офтальмолог (окулист),Алматы,AQMED - Медицинский центр Шаляпина,,,,4900,,idoctor.kz,https://idoctor.kz/almaty/doctor/1229182-isaev-ali-baurdzhanuly#review
Камалова Диана Булатқызы,Педиатр,Алматы,Uki - Многопрофильная клиника,5,10,5,15000,,idoctor.kz,https://idoctor.kz/almaty/doctor/1229191-kamalova-diana-bulatyzy
Камалова Диана Булатқызы,Педиатр,Алматы,Uki - Многопрофильная клиника,5,10,5,15000,,idoctor.kz,https://idoctor.kz/almaty/doctor/1229191-kamalova-diana-bulatyzy#review
Муканова Алия Маратовна,Офтальмолог (окулист),Алматы,OPEN Healthcare Kazakhstan на Яссауи,,,19,15000,,idoctor.kz,https://idoctor.kz/almaty/doctor/1229211-mukanova-aliya-maratovna
Муканова Алия Маратовна,Офтальмолог (окулист),Алматы,OPEN Healthcare Kazakhstan на Яссауи,,,19,15000,,idoctor.kz,https://idoctor.kz/almaty/doctor/1229211-mukanova-aliya-maratovna#review
Есқарина Ақниет Есқарақызы,Педиатр,Алматы,Uki - Многопрофильная клиника,5,6,5,15000,,idoctor.kz,https://idoctor.kz/almaty/doctor/1229234-esarina-aniet-esarayzy
Есқарина Ақниет Есқарақызы,Педиатр,Алматы,Uki - Многопрофильная клиника,5,6,5,15000,,idoctor.kz,https://idoctor.kz/almaty/doctor/1229234-esarina-aniet-esarayzy#review
Жолшиева Қазына Ғабитқызы,Онкомаммолог,Алматы,"Центр ЭКО и лечения бесплодия г.Алматы ""Ecomed""",,,,13500,,idoctor.kz,https://idoctor.kz/almaty/doctor/1229239-zholshieva-azyna-abityzy
Жолшиева Қазына Ғабитқызы,Онкомаммолог,Алматы,"Центр ЭКО и лечения бесплодия г.Алматы ""Ecomed""",,,,13500,,idoctor.kz,https://idoctor.kz/almaty/doctor/1229239-zholshieva-azyna-abityzy#review
Асымжанов Руслан Асымжанович,Невролог (Невропатолог),Алматы,Skolioz.kz - Клиника реабилитации позвоночника,5,30,17,18000,,idoctor.kz,https://idoctor.kz/almaty/doctor/1426-asyimjanov-ruslan-asyimjanovich
Асымжанов Руслан Асымжанович,Невролог (Невропатолог),Алматы,Skolioz.kz - Клиника реабилитации позвоночника,5,30,17,18000,,idoctor.kz,https://idoctor.kz/almaty/doctor/1426-asyimjanov-ruslan-asyimjanovich#review
Ли Ирина Николаевна,Маммолог,Алматы,VIA Medical - Медицинский центр на Тлендиева,5,75,,11000,,idoctor.kz,https://idoctor.kz/almaty/doctor/14881-irina-li-nikolaevna
Ли Ирина Николаевна,Маммолог,Алматы,VIA Medical - Медицинский центр на Тлендиева,5,75,,11000,,idoctor.kz,https://idoctor.kz/almaty/doctor/14881-irina-li-nikolaevna#review
Таракова Бибинур Кадирхановна,Маммолог,Алматы,MamaVita - Центр женского здоровья на Навои,5,9,9,0,,idoctor.kz,https://idoctor.kz/almaty/doctor/1598-tarakova-bibinur-kadirhanovna
Таракова Бибинур Кадирхановна,Маммолог,Алматы,MamaVita - Центр женского здоровья на Навои,5,9,9,0,,idoctor.kz,https://idoctor.kz/almaty/doctor/1598-tarakova-bibinur-kadirhanovna#review
Иргайбаева Гульжахан Ахиновна,Офтальмолог (окулист),Алматы,Республиканский семейно-врачебный центр (РСВЦ),5,212,26,10000,,idoctor.kz,https://idoctor.kz/almaty/doctor/1748-irgaybaeva-guljahan-ahinovna
Иргайбаева Гульжахан Ахиновна,Офтальмолог (окулист),Алматы,Республиканский семейно-врачебный центр (РСВЦ),5,212,26,10000,,idoctor.kz,https://idoctor.kz/almaty/doctor/1748-irgaybaeva-guljahan-ahinovna#review
Бошугулова Гульнар Сатыбалдиевна,Стоматолог,Алматы,"Стоматологическая клиника ""RadAn""",,,18,0,,idoctor.kz,https://idoctor.kz/almaty/doctor/2519-boshugulova-gulnar-satyibaldievna
Бошугулова Гульнар Сатыбалдиевна,Стоматолог,Алматы,"Стоматологическая клиника ""RadAn""",,,18,0,,idoctor.kz,https://idoctor.kz/almaty/doctor/2519-boshugulova-gulnar-satyibaldievna#review
Бегулиева Бахтигуль Сатеновна,Стоматолог,Алматы,"Стоматологическая клиника ""СЭР""",,,39,0,,idoctor.kz,https://idoctor.kz/almaty/doctor/2520-begulieva-bahyitgul-satenovna
Бегулиева Бахтигуль Сатеновна,Стоматолог,Алматы,"Стоматологическая клиника ""СЭР""",,,39,0,,idoctor.kz,https://idoctor.kz/almaty/doctor/2520-begulieva-bahyitgul-satenovna#review
Кащенко Инга Анатольевна,Стоматолог,Алматы,"Стоматологическая клиника ""RadAn""",,,29,0,,idoctor.kz,https://idoctor.kz/almaty/doctor/2521-kaschenko-inga-anatolevna
Кащенко Инга Анатольевна,Стоматолог,Алматы,"Стоматологическая клиника ""RadAn""",,,29,0,,idoctor.kz,https://idoctor.kz/almaty/doctor/2521-kaschenko-inga-anatolevna#review
Аргынбаев Еркебулан Кожахметович,Хирург,Алматы,"Городская поликлиника №16, Алматы",5,2,11,0,,idoctor.kz,https://idoctor.kz/almaty/doctor/2525-argyinbaev-erkebulan-kojahmetovich
Аргынбаев Еркебулан Кожахметович,Хирург,Алматы,"Городская поликлиника №16, Алматы",5,2,11,0,,idoctor.kz,https://idoctor.kz/almaty/doctor/2525-argyinbaev-erkebulan-kojahmetovich#review
Дурбаев Айбек Жумабекович,ЛОР (отоларинголог),Алматы,"Медицинский центр ""MedMart"" на Ашимова",,,13,0,,idoctor.kz,https://idoctor.kz/almaty/doctor/2529-durbaev-aybek-jumabekovich
Дурбаев Айбек Жумабекович,ЛОР (отоларинголог),Алматы,"Медицинский центр ""MedMart"" на Ашимова",,,13,0,,idoctor.kz,https://idoctor.kz/almaty/doctor/2529-durbaev-aybek-jumabekovich#review
Джакипбаева Айжан Кумискалиевна,Онкомаммолог,Алматы,Меди сервис - Медицинский центр,5,4,29,15800,,idoctor.kz,https://idoctor.kz/almaty/doctor/2807-djakipbaeva-ayjan-kumiskalievna
Джакипбаева Айжан Кумискалиевна,Онкомаммолог,Алматы,Меди сервис - Медицинский центр,5,4,29,15800,,idoctor.kz,https://idoctor.kz/almaty/doctor/2807-djakipbaeva-ayjan-kumiskalievna#review
Иембергенов Аскар Иембергенович,Онкомаммолог,Алматы,KAZMED - Медицинский центр в Аксае,5,1,48,15000,,idoctor.kz,https://idoctor.kz/almaty/doctor/2938-iembergenov-askar-iembergenovich
Иембергенов Аскар Иембергенович,Онкомаммолог,Алматы,KAZMED - Медицинский центр в Аксае,5,1,48,15000,,idoctor.kz,https://idoctor.kz/almaty/doctor/2938-iembergenov-askar-iembergenovich#review
Лялина Диана Арсеньевна,Педиатр,Алматы,Neuronest – Медицинский центр,5,31,13,11000,,idoctor.kz,https://idoctor.kz/almaty/doctor/30033-volf-diana-arsenevna
Бессонов Дмитрий Владимирович,Мануальный терапевт,Алматы,Центр здоровья TVIN,2,3,19,20000,,idoctor.kz,https://idoctor.kz/almaty/doctor/30201-bessonov-dmitriy-vladimirovich
Бессонов Дмитрий Владимирович,Мануальный терапевт,Алматы,Центр здоровья TVIN,2,3,19,20000,,idoctor.kz,https://idoctor.kz/almaty/doctor/30201-bessonov-dmitriy-vladimirovich#review
Шокебаев Адиль Абаевич,Гастроэнтеролог,Алматы,"АО ""Национальный научный центр хирургии"" им. А.Н. Сызганова",5,20,19,5000,,idoctor.kz,https://idoctor.kz/almaty/doctor/30280-shokebaev-adil-abaevich
Шокебаев Адиль Абаевич,Гастроэнтеролог,Алматы,"АО ""Национальный научный центр хирургии"" им. А.Н. Сызганова",5,20,19,5000,,idoctor.kz,https://idoctor.kz/almaty/doctor/30280-shokebaev-adil-abaevich#review
Ли Дже Вон,Иглорефлексотерапевт,Алматы,Hansol - Медицинский центр,5,78,15,3000,,idoctor.kz,https://idoctor.kz/almaty/doctor/30586-li-dje-von
Ли Дже Вон,Иглорефлексотерапевт,Алматы,Hansol - Медицинский центр,5,78,15,3000,,idoctor.kz,https://idoctor.kz/almaty/doctor/30586-li-dje-von#review
Кабдолов Ерлан Имамадиевич,Маммолог,Алматы,Emirmed - Медицинский центр на Розыбакиева,5,9,30,7000,,idoctor.kz,https://idoctor.kz/almaty/doctor/3134-kabdolov-erlan-imamadievich
Кабдолов Ерлан Имамадиевич,Маммолог,Алматы,Emirmed - Медицинский центр на Розыбакиева,5,9,30,7000,,idoctor.kz,https://idoctor.kz/almaty/doctor/3134-kabdolov-erlan-imamadievich#review
Манашева Анаргуль Сарсенгалиевна,Маммолог,Алматы,MamaVita - Центр женского здоровья на Навои,,,11,20000,,idoctor.kz,https://idoctor.kz/almaty/doctor/3240-manasheva-anargul-sapingalievna
Манашева Анаргуль Сарсенгалиевна,Маммолог,Алматы,MamaVita - Центр женского здоровья на Навои,,,11,20000,,idoctor.kz,https://idoctor.kz/almaty/doctor/3240-manasheva-anargul-sapingalievna#review
Пархоменко Людмила Витальевна,Акушер-гинеколог,Алматы,Достар Мед - Медицинский центр на Сеченова,4,18,,20000,,idoctor.kz,https://idoctor.kz/almaty/doctor/3485-parhomenko-lyudmila-vitalevna
Пархоменко Людмила Витальевна,Акушер-гинеколог,Алматы,Достар Мед - Медицинский центр на Сеченова,4,18,,20000,,idoctor.kz,https://idoctor.kz/almaty/doctor/3485-parhomenko-lyudmila-vitalevna#review
Никонов Игорь Олегович,Онколог,Алматы,"Медицинский центр ""Керуен-Medicus"" на Бухар Жирау",5,107,20,12000,,idoctor.kz,https://idoctor.kz/almaty/doctor/364-nikonov-igor-olegovich
Никонов Игорь Олегович,Онколог,Алматы,"Медицинский центр ""Керуен-Medicus"" на Бухар Жирау",5,107,20,12000,,idoctor.kz,https://idoctor.kz/almaty/doctor/364-nikonov-igor-olegovich#review
Косинцев Владимир Георгиевич,Психолог,Алматы,Центр Академической и Практической Психологии,,,26,0,,idoctor.kz,https://idoctor.kz/almaty/doctor/3745-kosintsev-vladimir-georgievich
Косинцев Владимир Георгиевич,Психолог,Алматы,Центр Академической и Практической Психологии,,,26,0,,idoctor.kz,https://idoctor.kz/almaty/doctor/3745-kosintsev-vladimir-georgievich#review
Мельникова Людмила Алексеевна,Психолог,Алматы,Кабинет психолога Мельниковой Людмилы,5,13,17,30000,,idoctor.kz,https://idoctor.kz/almaty/doctor/3998-melnikova-lyudmila-alekseevna
Мельникова Людмила Алексеевна,Психолог,Алматы,Кабинет психолога Мельниковой Людмилы,5,13,17,30000,,idoctor.kz,https://idoctor.kz/almaty/doctor/3998-melnikova-lyudmila-alekseevna#review
Гречаная Татьяна Сергеевна,Невролог (Невропатолог),Алматы,АртроLife clinic,5,6,16,5000,,idoctor.kz,https://idoctor.kz/almaty/doctor/4946-grechanaya-tatyana-sergeevna
Гречаная Татьяна Сергеевна,Невролог (Невропатолог),Алматы,АртроLife clinic,5,6,16,5000,,idoctor.kz,https://idoctor.kz/almaty/doctor/4946-grechanaya-tatyana-sergeevna#review
Игисинова Гульнур Сагинбековна,Онколог,Алматы,Поликлиника – Национальный госпиталь Медицинского центра Управления делами Президента Республики Казахстан.,5,11,,16380,,idoctor.kz,https://idoctor.kz/almaty/doctor/5461-igisinova-gulnura-saginbekovna
Игисинова Гульнур Сагинбековна,Онколог,Алматы,Поликлиника – Национальный госпиталь Медицинского центра Управления делами Президента Республики Казахстан.,5,11,,16380,,idoctor.kz,https://idoctor.kz/almaty/doctor/5461-igisinova-gulnura-saginbekovna#review
Караваев Виктор Сергеевич,Нейрохирург,Алматы,,5,3,16,10000,,idoctor.kz,https://idoctor.kz/almaty/doctor/567129-karavaev-viktor
Исенова Самал Аманбайкызы,Кардиолог,Алматы,,5,2,13,8000,,idoctor.kz,https://idoctor.kz/almaty/doctor/567163-isenova-samal
Паргункина Александра Сергеевна,Маммолог,Алматы,"ГКППХВ ""Илийская центральная районная больница"" государственного учреждения ""Управления здравоохранения Алматинской области"" акимата Алматинской области",5,4,13,7000,,idoctor.kz,https://idoctor.kz/almaty/doctor/572029-pargunkina-aleksandra-sergeevna
Паргункина Александра Сергеевна,Маммолог,Алматы,"ГКППХВ ""Илийская центральная районная больница"" государственного учреждения ""Управления здравоохранения Алматинской области"" акимата Алматинской области",5,4,13,7000,,idoctor.kz,https://idoctor.kz/almaty/doctor/572029-pargunkina-aleksandra-sergeevna#review
Нурманова Куралай Сугирбаевна,Маммолог,Алматы,MamaVita - Центр женского здоровья на Навои,,,13,20000,,idoctor.kz,https://idoctor.kz/almaty/doctor/572878-nurmanova-kuralay-sugirbaevna
Нурманова Куралай Сугирбаевна,Маммолог,Алматы,MamaVita - Центр женского здоровья на Навои,,,13,20000,,idoctor.kz,https://idoctor.kz/almaty/doctor/572878-nurmanova-kuralay-sugirbaevna#review
Омарова Анар Ниетбаевна,Кардиолог,Алматы,KENGURU- Семейная и детская многопрофильная клиника,5,3,27,0,,idoctor.kz,https://idoctor.kz/almaty/doctor/573676-omarova-anar-nietbaevna
Омарова Анар Ниетбаевна,Кардиолог,Алматы,KENGURU- Семейная и детская многопрофильная клиника,5,3,27,0,,idoctor.kz,https://idoctor.kz/almaty/doctor/573676-omarova-anar-nietbaevna#review
Еслямов Руслан Ерланович,Паталогоанатом,Алматы,Казахский научно-исследовательский институт онкологии и радиологии,,,6,0,,idoctor.kz,https://idoctor.kz/almaty/doctor/574262-eslyamov-ruslan-erlanovich
Еслямов Руслан Ерланович,Паталогоанатом,Алматы,Казахский научно-исследовательский институт онкологии и радиологии,,,6,0,,idoctor.kz,https://idoctor.kz/almaty/doctor/574262-eslyamov-ruslan-erlanovich#review
Оразбекова Гульмира Нарзуллаевна,Паталогоанатом,Алматы,"Научный центр акушерства, гинекологии и перинатологии",5,1,10,0,,idoctor.kz,https://idoctor.kz/almaty/doctor/574329-orazbekova-gulmira-narzullaevna
Оразбекова Гульмира Нарзуллаевна,Паталогоанатом,Алматы,"Научный центр акушерства, гинекологии и перинатологии",5,1,10,0,,idoctor.kz,https://idoctor.kz/almaty/doctor/574329-orazbekova-gulmira-narzullaevna#review
Махнева Анна Фридриховна,Патологоанатом,Алматы,Научный Центр Педиатрии и Детской Хирургии,,,,21529,,idoctor.kz,https://idoctor.kz/almaty/doctor/574361-makhneva-anna-fridrikhovna
Махнева Анна Фридриховна,Патологоанатом,Алматы,Научный Центр Педиатрии и Детской Хирургии,,,,21529,,idoctor.kz,https://idoctor.kz/almaty/doctor/574361-makhneva-anna-fridrikhovna#review
Балапанова Анар Хайржановна,Паталогоанатом,Алматы,Научный центр урологии имени Б.У. Джарбусынова,,,15,0,,idoctor.kz,https://idoctor.kz/almaty/doctor/574456-balapanova-anar-khayrzhanovna
Балапанова Анар Хайржановна,Паталогоанатом,Алматы,Научный центр урологии имени Б.У. Джарбусынова,,,15,0,,idoctor.kz,https://idoctor.kz/almaty/doctor/574456-balapanova-anar-khayrzhanovna#review
Васильев Анатолий Никифорович,Судмедэксперт,Алматы,"Алматинский филиал Республиканского государственного казенного предприятия ""Центр судебной медицины"" Министерства Юстиции Республики Казахстан",,,56,0,,idoctor.kz,https://idoctor.kz/almaty/doctor/574730-vasilev-anatoliy-nikiforovich
Васильев Анатолий Никифорович,Судмедэксперт,Алматы,"Алматинский филиал Республиканского государственного казенного предприятия ""Центр судебной медицины"" Министерства Юстиции Республики Казахстан",,,56,0,,idoctor.kz,https://idoctor.kz/almaty/doctor/574730-vasilev-anatoliy-nikiforovich#review
Бондарева Тамара Дмитриевна,Судмедэксперт,Алматы,"Алматинский филиал Республиканского государственного казенного предприятия ""Центр судебной медицины"" Министерства Юстиции Республики Казахстан",,,36,0,,idoctor.kz,https://idoctor.kz/almaty/doctor/574731-bondareva-tamara-dmitrievna
Бондарева Тамара Дмитриевна,Судмедэксперт,Алматы,"Алматинский филиал Республиканского государственного казенного предприятия ""Центр судебной медицины"" Министерства Юстиции Республики Казахстан",,,36,0,,idoctor.kz,https://idoctor.kz/almaty/doctor/574731-bondareva-tamara-dmitrievna#review
Еремеева Светлана Николаевна,Судмедэксперт,Алматы,"Алматинский филиал Республиканского государственного казенного предприятия ""Центр судебной медицины"" Министерства Юстиции Республики Казахстан",,,37,0,,idoctor.kz,https://idoctor.kz/almaty/doctor/574732-eremeeva-svetlana-nikolaevna
Еремеева Светлана Николаевна,Судмедэксперт,Алматы,"Алматинский филиал Республиканского государственного казенного предприятия ""Центр судебной медицины"" Министерства Юстиции Республики Казахстан",,,37,0,,idoctor.kz,https://idoctor.kz/almaty/doctor/574732-eremeeva-svetlana-nikolaevna#review
Молдагалиева Зияда Молдагалиевна,Судмедэксперт,Алматы,"Алматинский филиал Республиканского государственного казенного предприятия ""Центр судебной медицины"" Министерства Юстиции Республики Казахстан",,,,0,,idoctor.kz,https://idoctor.kz/almaty/doctor/574733-moldagalieva-ziyada-moldagalievna
Молдагалиева Зияда Молдагалиевна,Судмедэксперт,Алматы,"Алматинский филиал Республиканского государственного казенного предприятия ""Центр судебной медицины"" Министерства Юстиции Республики Казахстан",,,,0,,idoctor.kz,https://idoctor.kz/almaty/doctor/574733-moldagalieva-ziyada-moldagalievna#review
Аукебаева Татьяна Ивановна,Судмедэксперт,Алматы,"Алматинский филиал Республиканского государственного казенного предприятия ""Центр судебной медицины"" Министерства Юстиции Республики Казахстан",,,29,0,,idoctor.kz,https://idoctor.kz/almaty/doctor/574734-aukebaeva-tatyana-ivanovna
Аукебаева Татьяна Ивановна,Судмедэксперт,Алматы,"Алматинский филиал Республиканского государственного казенного предприятия ""Центр судебной медицины"" Министерства Юстиции Республики Казахстан",,,29,0,,idoctor.kz,https://idoctor.kz/almaty/doctor/574734-aukebaeva-tatyana-ivanovna#review
Айдаркулов Абдиманап Шагатаевич,Судмедэксперт,Алматы,"Алматинский филиал Республиканского государственного казенного предприятия ""Центр судебной медицины"" Министерства Юстиции Республики Казахстан",,,,0,,idoctor.kz,https://idoctor.kz/almaty/doctor/574735-aydarkulov-abdimanap-shagataevich
Айдаркулов Абдиманап Шагатаевич,Судмедэксперт,Алматы,"Алматинский филиал Республиканского государственного казенного предприятия ""Центр судебной медицины"" Министерства Юстиции Республики Казахстан",,,,0,,idoctor.kz,https://idoctor.kz/almaty/doctor/574735-aydarkulov-abdimanap-shagataevich#review
Загуменникова Анна Александровна,Судмедэксперт,Алматы,"Алматинский филиал Республиканского государственного казенного предприятия ""Центр судебной медицины"" Министерства Юстиции Республики Казахстан",,,,0,,idoctor.kz,https://idoctor.kz/almaty/doctor/574736-zagumennikova-anna-aleksandrovna
Загуменникова Анна Александровна,Судмедэксперт,Алматы,"Алматинский филиал Республиканского государственного казенного предприятия ""Центр судебной медицины"" Министерства Юстиции Республики Казахстан",,,,0,,idoctor.kz,https://idoctor.kz/almaty/doctor/574736-zagumennikova-anna-aleksandrovna#review
Ломакин Михаил Юрьевич,Судмедэксперт,Алматы,"Алматинский филиал Республиканского государственного казенного предприятия ""Центр судебной медицины"" Министерства Юстиции Республики Казахстан",,,19,0,,idoctor.kz,https://idoctor.kz/almaty/doctor/574737-lomakin-mikhail-yurevich
Ломакин Михаил Юрьевич,Судмедэксперт,Алматы,"Алматинский филиал Республиканского государственного казенного предприятия ""Центр судебной медицины"" Министерства Юстиции Республики Казахстан",,,19,0,,idoctor.kz,https://idoctor.kz/almaty/doctor/574737-lomakin-mikhail-yurevich#review
Измайлова Зухра Рафиковна,Судмедэксперт,Алматы,"Алматинский филиал Республиканского государственного казенного предприятия ""Центр судебной медицины"" Министерства Юстиции Республики Казахстан",,,37,0,,idoctor.kz,https://idoctor.kz/almaty/doctor/574738-izmaylova-zukhra-rafikovna
Измайлова Зухра Рафиковна,Судмедэксперт,Алматы,"Алматинский филиал Республиканского государственного казенного предприятия ""Центр судебной медицины"" Министерства Юстиции Республики Казахстан",,,37,0,,idoctor.kz,https://idoctor.kz/almaty/doctor/574738-izmaylova-zukhra-rafikovna#review
Поданева Виктория Игоревна,Судмедэксперт,Алматы,"Алматинский филиал Республиканского государственного казенного предприятия ""Центр судебной медицины"" Министерства Юстиции Республики Казахстан",,,39,0,,idoctor.kz,https://idoctor.kz/almaty/doctor/574739-podaneva-viktoriya-igorevna
Поданева Виктория Игоревна,Судмедэксперт,Алматы,"Алматинский филиал Республиканского государственного казенного предприятия ""Центр судебной медицины"" Министерства Юстиции Республики Казахстан",,,39,0,,idoctor.kz,https://idoctor.kz/almaty/doctor/574739-podaneva-viktoriya-igorevna#review
Файзулина Роза Абуовна,Судмедэксперт,Алматы,"Алматинский филиал Республиканского государственного казенного предприятия ""Центр судебной медицины"" Министерства Юстиции Республики Казахстан",,,18,0,,idoctor.kz,https://idoctor.kz/almaty/doctor/574740-fayzulina-roza-abuovna
Файзулина Роза Абуовна,Судмедэксперт,Алматы,"Алматинский филиал Республиканского государственного казенного предприятия ""Центр судебной медицины"" Министерства Юстиции Республики Казахстан",,,18,0,,idoctor.kz,https://idoctor.kz/almaty/doctor/574740-fayzulina-roza-abuovna#review
Островская Наталья Николаевна,Судмедэксперт,Алматы,"Алматинский филиал Республиканского государственного казенного предприятия ""Центр судебной медицины"" Министерства Юстиции Республики Казахстан",,,,0,,idoctor.kz,https://idoctor.kz/almaty/doctor/574741-ostrovskaya-natalya-nikolaevna
Островская Наталья Николаевна,Судмедэксперт,Алматы,"Алматинский филиал Республиканского государственного казенного предприятия ""Центр судебной медицины"" Министерства Юстиции Республики Казахстан",,,,0,,idoctor.kz,https://idoctor.kz/almaty/doctor/574741-ostrovskaya-natalya-nikolaevna#review
Коркина Ольга Васильевна,Судмедэксперт,Алматы,"Алматинский филиал Республиканского государственного казенного предприятия ""Центр судебной медицины"" Министерства Юстиции Республики Казахстан",,,,0,,idoctor.kz,https://idoctor.kz/almaty/doctor/574742-korkina-olga-vasilevna
Коркина Ольга Васильевна,Судмедэксперт,Алматы,"Алматинский филиал Республиканского государственного казенного предприятия ""Центр судебной медицины"" Министерства Юстиции Республики Казахстан",,,,0,,idoctor.kz,https://idoctor.kz/almaty/doctor/574742-korkina-olga-vasilevna#review
Пак Андрей Андреевич,Судмедэксперт,Алматы,"Алматинский филиал Республиканского государственного казенного предприятия ""Центр судебной медицины"" Министерства Юстиции Республики Казахстан",,,14,0,,idoctor.kz,https://idoctor.kz/almaty/doctor/574743-pak-andrey-andreevich
Пак Андрей Андреевич,Судмедэксперт,Алматы,"Алматинский филиал Республиканского государственного казенного предприятия ""Центр судебной медицины"" Министерства Юстиции Республики Казахстан",,,14,0,,idoctor.kz,https://idoctor.kz/almaty/doctor/574743-pak-andrey-andreevich#review
Мусабаева Лейла Рашидовна,Судмедэксперт,Алматы,"Алматинский филиал Республиканского государственного казенного предприятия ""Центр судебной медицины"" Министерства Юстиции Республики Казахстан",,,18,0,,idoctor.kz,https://idoctor.kz/almaty/doctor/574744-musabaeva-leyla-rashidovna
Мусабаева Лейла Рашидовна,Судмедэксперт,Алматы,"Алматинский филиал Республиканского государственного казенного предприятия ""Центр судебной медицины"" Министерства Юстиции Республики Казахстан",,,18,0,,idoctor.kz,https://idoctor.kz/almaty/doctor/574744-musabaeva-leyla-rashidovna#review
Кураметов Бауыржан Толегенулы,Судмедэксперт,Алматы,"Алматинский филиал Республиканского государственного казенного предприятия ""Центр судебной медицины"" Министерства Юстиции Республики Казахстан",,,16,0,,idoctor.kz,https://idoctor.kz/almaty/doctor/574745-kurametov-bauyrzhan-tolegenuly
Кураметов Бауыржан Толегенулы,Судмедэксперт,Алматы,"Алматинский филиал Республиканского государственного казенного предприятия ""Центр судебной медицины"" Министерства Юстиции Республики Казахстан",,,16,0,,idoctor.kz,https://idoctor.kz/almaty/doctor/574745-kurametov-bauyrzhan-tolegenuly#review
Галушкина Виктория Анатольевна,Судмедэксперт,Алматы,"Алматинский филиал Республиканского государственного казенного предприятия ""Центр судебной медицины"" Министерства Юстиции Республики Казахстан",,,,0,,idoctor.kz,https://idoctor.kz/almaty/doctor/574746-galushkina-viktoriya-anatolevna
Галушкина Виктория Анатольевна,Судмедэксперт,Алматы,"Алматинский филиал Республиканского государственного казенного предприятия ""Центр судебной медицины"" Министерства Юстиции Республики Казахстан",,,,0,,idoctor.kz,https://idoctor.kz/almaty/doctor/574746-galushkina-viktoriya-anatolevna#review
Данилова Наталия Павловна,Судмедэксперт,Алматы,"Алматинский филиал Республиканского государственного казенного предприятия ""Центр судебной медицины"" Министерства Юстиции Республики Казахстан",,,,0,,idoctor.kz,https://idoctor.kz/almaty/doctor/574747-danilova-nataliya-pavlovna
Данилова Наталия Павловна,Судмедэксперт,Алматы,"Алматинский филиал Республиканского государственного казенного предприятия ""Центр судебной медицины"" Министерства Юстиции Республики Казахстан",,,,0,,idoctor.kz,https://idoctor.kz/almaty/doctor/574747-danilova-nataliya-pavlovna#review
Жолумбетов Омирбек Орынгазинович,Судмедэксперт,Алматы,"Алматинский филиал Республиканского государственного казенного предприятия ""Центр судебной медицины"" Министерства Юстиции Республики Казахстан",,,18,0,,idoctor.kz,https://idoctor.kz/almaty/doctor/574748-zholumbetov-omirbek-oryngazinovich
Жолумбетов Омирбек Орынгазинович,Судмедэксперт,Алматы,"Алматинский филиал Республиканского государственного казенного предприятия ""Центр судебной медицины"" Министерства Юстиции Республики Казахстан",,,18,0,,idoctor.kz,https://idoctor.kz/almaty/doctor/574748-zholumbetov-omirbek-oryngazinovich#review
Ирсимбетов Эргазиз Алписбаевич,Судмедэксперт,Алматы,"Алматинский филиал Республиканского государственного казенного предприятия ""Центр судебной медицины"" Министерства Юстиции Республики Казахстан",,,,0,,idoctor.kz,https://idoctor.kz/almaty/doctor/574749-irsimbetov-ergaziz-alpisbaevich
Ирсимбетов Эргазиз Алписбаевич,Судмедэксперт,Алматы,"Алматинский филиал Республиканского государственного казенного предприятия ""Центр судебной медицины"" Министерства Юстиции Республики Казахстан",,,,0,,idoctor.kz,https://idoctor.kz/almaty/doctor/574749-irsimbetov-ergaziz-alpisbaevich#review
Спивакова Ирина Михайловна,Судмедэксперт,Алматы,"Алматинский филиал Республиканского государственного казенного предприятия ""Центр судебной медицины"" Министерства Юстиции Республики Казахстан",,,17,0,,idoctor.kz,https://idoctor.kz/almaty/doctor/574750-spivakova-irina-mikhaylovna
Спивакова Ирина Михайловна,Судмедэксперт,Алматы,"Алматинский филиал Республиканского государственного казенного предприятия ""Центр судебной медицины"" Министерства Юстиции Республики Казахстан",,,17,0,,idoctor.kz,https://idoctor.kz/almaty/doctor/574750-spivakova-irina-mikhaylovna#review
Касымбеков Ержан Оразович,Судмедэксперт,Алматы,"Алматинский филиал Республиканского государственного казенного предприятия ""Центр судебной медицины"" Министерства Юстиции Республики Казахстан",,,20,0,,idoctor.kz,https://idoctor.kz/almaty/doctor/574751-kasymbekov-erzhan-orazovich
Касымбеков Ержан Оразович,Судмедэксперт,Алматы,"Алматинский филиал Республиканского государственного казенного предприятия ""Центр судебной медицины"" Министерства Юстиции Республики Казахстан",,,20,0,,idoctor.kz,https://idoctor.kz/almaty/doctor/574751-kasymbekov-erzhan-orazovich#review
Измайлова Елена Булатовна,Судмедэксперт,Алматы,"Алматинский филиал Республиканского государственного казенного предприятия ""Центр судебной медицины"" Министерства Юстиции Республики Казахстан",,,35,0,,idoctor.kz,https://idoctor.kz/almaty/doctor/574752-izmaylova-elena-bulatovna
Измайлова Елена Булатовна,Судмедэксперт,Алматы,"Алматинский филиал Республиканского государственного казенного предприятия ""Центр судебной медицины"" Министерства Юстиции Республики Казахстан",,,35,0,,idoctor.kz,https://idoctor.kz/almaty/doctor/574752-izmaylova-elena-bulatovna#review
Каргабаева Асия Жанибековна,Судмедэксперт,Алматы,"Алматинский филиал Республиканского государственного казенного предприятия ""Центр судебной медицины"" Министерства Юстиции Республики Казахстан",,,27,0,,idoctor.kz,https://idoctor.kz/almaty/doctor/574754-kargabaeva-asiya-zhanibekovna
Каргабаева Асия Жанибековна,Судмедэксперт,Алматы,"Алматинский филиал Республиканского государственного казенного предприятия ""Центр судебной медицины"" Министерства Юстиции Республики Казахстан",,,27,0,,idoctor.kz,https://idoctor.kz/almaty/doctor/574754-kargabaeva-asiya-zhanibekovna#review
Дарикулова Багимкул Урмановна,Судмедэксперт,Алматы,"Алматинский филиал Республиканского государственного казенного предприятия ""Центр судебной медицины"" Министерства Юстиции Республики Казахстан",,,,0,,idoctor.kz,https://idoctor.kz/almaty/doctor/574755-darikulova-bagimkul-urmanovna
Дарикулова Багимкул Урмановна,Судмедэксперт,Алматы,"Алматинский филиал Республиканского государственного казенного предприятия ""Центр судебной медицины"" Министерства Юстиции Республики Казахстан",,,,0,,idoctor.kz,https://idoctor.kz/almaty/doctor/574755-darikulova-bagimkul-urmanovna#review
Селивохина Наталия Валерьевна,Судмедэксперт,Алматы,"Алматинский филиал Республиканского государственного казенного предприятия ""Центр судебной медицины"" Министерства Юстиции Республики Казахстан",,,,0,,idoctor.kz,https://idoctor.kz/almaty/doctor/574756-selivokhina-nataliya-valerevna
Селивохина Наталия Валерьевна,Судмедэксперт,Алматы,"Алматинский филиал Республиканского государственного казенного предприятия ""Центр судебной медицины"" Министерства Юстиции Республики Казахстан",,,,0,,idoctor.kz,https://idoctor.kz/almaty/doctor/574756-selivokhina-nataliya-valerevna#review
Ульжабаева Раушан Кудайбергеновна,Судмедэксперт,Алматы,"Алматинский филиал Республиканского государственного казенного предприятия ""Центр судебной медицины"" Министерства Юстиции Республики Казахстан",,,,0,,idoctor.kz,https://idoctor.kz/almaty/doctor/574757-ulzhabaeva-raushan-kudaybergenovna
Ульжабаева Раушан Кудайбергеновна,Судмедэксперт,Алматы,"Алматинский филиал Республиканского государственного казенного предприятия ""Центр судебной медицины"" Министерства Юстиции Республики Казахстан",,,,0,,idoctor.kz,https://idoctor.kz/almaty/doctor/574757-ulzhabaeva-raushan-kudaybergenovna#review
Воюцкая Марина Владимировна,Судмедэксперт,Алматы,"Алматинский филиал Республиканского государственного казенного предприятия ""Центр судебной медицины"" Министерства Юстиции Республики Казахстан",,,18,0,,idoctor.kz,https://idoctor.kz/almaty/doctor/574758-voyutskaya-marina-vladimirovna
Воюцкая Марина Владимировна,Судмедэксперт,Алматы,"Алматинский филиал Республиканского государственного казенного предприятия ""Центр судебной медицины"" Министерства Юстиции Республики Казахстан",,,18,0,,idoctor.kz,https://idoctor.kz/almaty/doctor/574758-voyutskaya-marina-vladimirovna#review
Сактаганова Марал Кинбаевна,Судмедэксперт,Алматы,"Алматинский филиал Республиканского государственного казенного предприятия ""Центр судебной медицины"" Министерства Юстиции Республики Казахстан",,,,0,,idoctor.kz,https://idoctor.kz/almaty/doctor/574759-saktaganova-maral-kinbaevna
Сактаганова Марал Кинбаевна,Судмедэксперт,Алматы,"Алматинский филиал Республиканского государственного казенного предприятия ""Центр судебной медицины"" Министерства Юстиции Республики Казахстан",,,,0,,idoctor.kz,https://idoctor.kz/almaty/doctor/574759-saktaganova-maral-kinbaevna#review
Ким Олег Борисович,Судмедэксперт,Алматы,"Алматинский филиал Республиканского государственного казенного предприятия ""Центр судебной медицины"" Министерства Юстиции Республики Казахстан",,,18,0,,idoctor.kz,https://idoctor.kz/almaty/doctor/574760-kim-oleg-borisovich
Ким Олег Борисович,Судмедэксперт,Алматы,"Алматинский филиал Республиканского государственного казенного предприятия ""Центр судебной медицины"" Министерства Юстиции Республики Казахстан",,,18,0,,idoctor.kz,https://idoctor.kz/almaty/doctor/574760-kim-oleg-borisovich#review
Мамбетова Гульнар Касымовна,Паталогоанатом,Алматы,"КГППХВ ""Городское патолого-анатомическое бюро"" Управления здравоохранения города Алматы",,,17,0,,idoctor.kz,https://idoctor.kz/almaty/doctor/577888-mambetova-gulnar-kasymovna
Мамбетова Гульнар Касымовна,Паталогоанатом,Алматы,"КГППХВ ""Городское патолого-анатомическое бюро"" Управления здравоохранения города Алматы",,,17,0,,idoctor.kz,https://idoctor.kz/almaty/doctor/577888-mambetova-gulnar-kasymovna#review
Сагимбаева Улжатай Жапаровна,Паталогоанатом,Алматы,"КГППХВ ""Городское патолого-анатомическое бюро"" Управления здравоохранения города Алматы",,,6,0,,idoctor.kz,https://idoctor.kz/almaty/doctor/577889-sagimbaeva-ulzhatay-zhaparovna
Сагимбаева Улжатай Жапаровна,Паталогоанатом,Алматы,"КГППХВ ""Городское патолого-анатомическое бюро"" Управления здравоохранения города Алматы",,,6,0,,idoctor.kz,https://idoctor.kz/almaty/doctor/577889-sagimbaeva-ulzhatay-zhaparovna#review
Абенова Мира Турсуновна,Паталогоанатом,Алматы,"КГППХВ ""Городское патолого-анатомическое бюро"" Управления здравоохранения города Алматы",,,8,0,,idoctor.kz,https://idoctor.kz/almaty/doctor/577890-abenova-mira-tursunovna
Абенова Мира Турсуновна,Паталогоанатом,Алматы,"КГППХВ ""Городское патолого-анатомическое бюро"" Управления здравоохранения города Алматы",,,8,0,,idoctor.kz,https://idoctor.kz/almaty/doctor/577890-abenova-mira-tursunovna#review
Товштейн Елена Юрьевна,Паталогоанатом,Алматы,"КГППХВ ""Городское патолого-анатомическое бюро"" Управления здравоохранения города Алматы",,,17,0,,idoctor.kz,https://idoctor.kz/almaty/doctor/577891-tovshteyn-elena-yurevna
Товштейн Елена Юрьевна,Паталогоанатом,Алматы,"КГППХВ ""Городское патолого-анатомическое бюро"" Управления здравоохранения города Алматы",,,17,0,,idoctor.kz,https://idoctor.kz/almaty/doctor/577891-tovshteyn-elena-yurevna#review
Лим Александр Иннокентьевич,Паталогоанатом,Алматы,"КГППХВ ""Городское патолого-анатомическое бюро"" Управления здравоохранения города Алматы",,,17,0,,idoctor.kz,https://idoctor.kz/almaty/doctor/577893-lim-aleksandr-innokentevich
Лим Александр Иннокентьевич,Паталогоанатом,Алматы,"КГППХВ ""Городское патолого-анатомическое бюро"" Управления здравоохранения города Алматы",,,17,0,,idoctor.kz,https://idoctor.kz/almaty/doctor/577893-lim-aleksandr-innokentevich#review
Иванова Елена Геннадьевна,Паталогоанатом,Алматы,"КГППХВ ""Городское патолого-анатомическое бюро"" Управления здравоохранения города Алматы",,,16,0,,idoctor.kz,https://idoctor.kz/almaty/doctor/577894-ivanova-elena-gennadevna
Иванова Елена Геннадьевна,Паталогоанатом,Алматы,"КГППХВ ""Городское патолого-анатомическое бюро"" Управления здравоохранения города Алматы",,,16,0,,idoctor.kz,https://idoctor.kz/almaty/doctor/577894-ivanova-elena-gennadevna#review
Бучацкая Елена Эдуардовна,Паталогоанатом,Алматы,"КГППХВ ""Городское патолого-анатомическое бюро"" Управления здравоохранения города Алматы",,,16,0,,idoctor.kz,https://idoctor.kz/almaty/doctor/577895-buchatskaya-elena-eduardovna
Бучацкая Елена Эдуардовна,Паталогоанатом,Алматы,"КГППХВ ""Городское патолого-анатомическое бюро"" Управления здравоохранения города Алматы",,,16,0,,idoctor.kz,https://idoctor.kz/almaty/doctor/577895-buchatskaya-elena-eduardovna#review
Хасанова Олеся Закировна,Паталогоанатом,Алматы,"КГППХВ ""Городское патолого-анатомическое бюро"" Управления здравоохранения города Алматы",,,8,0,,idoctor.kz,https://idoctor.kz/almaty/doctor/577896-khasanova-olesya-zakirovna
Хасанова Олеся Закировна,Паталогоанатом,Алматы,"КГППХВ ""Городское патолого-анатомическое бюро"" Управления здравоохранения города Алматы",,,8,0,,idoctor.kz,https://idoctor.kz/almaty/doctor/577896-khasanova-olesya-zakirovna#review
Гринберг Владимир Борисович,Паталогоанатом,Алматы,"КГППХВ ""Городское патолого-анатомическое бюро"" Управления здравоохранения города Алматы",,,17,0,,idoctor.kz,https://idoctor.kz/almaty/doctor/577897-grinberg-vladimir-borisovich
Гринберг Владимир Борисович,Паталогоанатом,Алматы,"КГППХВ ""Городское патолого-анатомическое бюро"" Управления здравоохранения города Алматы",,,17,0,,idoctor.kz,https://idoctor.kz/almaty/doctor/577897-grinberg-vladimir-borisovich#review
Алибеков Бахытжан Джаныбекович,Паталогоанатом,Алматы,"КГППХВ ""Городское патолого-анатомическое бюро"" Управления здравоохранения города Алматы",,,17,0,,idoctor.kz,https://idoctor.kz/almaty/doctor/577898-alibekov-bakhytzhan-dzhanybekovich
Алибеков Бахытжан Джаныбекович,Паталогоанатом,Алматы,"КГППХВ ""Городское патолого-анатомическое бюро"" Управления здравоохранения города Алматы",,,17,0,,idoctor.kz,https://idoctor.kz/almaty/doctor/577898-alibekov-bakhytzhan-dzhanybekovich#review
Байгожаева Перизат Шамухамбетовна,Паталогоанатом,Алматы,"КГППХВ ""Городское патолого-анатомическое бюро"" Управления здравоохранения города Алматы",,,6,0,,idoctor.kz,https://idoctor.kz/almaty/doctor/577899-baygozhaeva-perizat-shamukhambetovna
Байгожаева Перизат Шамухамбетовна,Паталогоанатом,Алматы,"КГППХВ ""Городское патолого-анатомическое бюро"" Управления здравоохранения города Алматы",,,6,0,,idoctor.kz,https://idoctor.kz/almaty/doctor/577899-baygozhaeva-perizat-shamukhambetovna#review
Гончарова Анастасия Витальевна,Паталогоанатом,Алматы,"КГППХВ ""Городское патолого-анатомическое бюро"" Управления здравоохранения города Алматы",,,17,0,,idoctor.kz,https://idoctor.kz/almaty/doctor/577900-goncharova-anastasiya-vitalevna
Гончарова Анастасия Витальевна,Паталогоанатом,Алматы,"КГППХВ ""Городское патолого-анатомическое бюро"" Управления здравоохранения города Алматы",,,17,0,,idoctor.kz,https://idoctor.kz/almaty/doctor/577900-goncharova-anastasiya-vitalevna#review
Алещенко Екатерина Ивановна,Паталогоанатом,Алматы,"КГППХВ ""Городское патолого-анатомическое бюро"" Управления здравоохранения города Алматы",,,17,0,,idoctor.kz,https://idoctor.kz/almaty/doctor/577901-aleshchenko-ekaterina-ivanovna
Алещенко Екатерина Ивановна,Паталогоанатом,Алматы,"КГППХВ ""Городское патолого-анатомическое бюро"" Управления здравоохранения города Алматы",,,17,0,,idoctor.kz,https://idoctor.kz/almaty/doctor/577901-aleshchenko-ekaterina-ivanovna#review
Сергеева Ирина Николаевна,Паталогоанатом,Алматы,"КГППХВ ""Городское патолого-анатомическое бюро"" Управления здравоохранения города Алматы",,,17,0,,idoctor.kz,https://idoctor.kz/almaty/doctor/577902-sergeeva-irina-nikolaevna
Сергеева Ирина Николаевна,Паталогоанатом,Алматы,"КГППХВ ""Городское патолого-анатомическое бюро"" Управления здравоохранения города Алматы",,,17,0,,idoctor.kz,https://idoctor.kz/almaty/doctor/577902-sergeeva-irina-nikolaevna#review
Маратұлы Алмат,Паталогоанатом,Алматы,"КГППХВ ""Городское патолого-анатомическое бюро"" Управления здравоохранения города Алматы",,,7,0,,idoctor.kz,https://idoctor.kz/almaty/doctor/577903-maratly-almat
Маратұлы Алмат,Паталогоанатом,Алматы,"КГППХВ ""Городское патолого-анатомическое бюро"" Управления здравоохранения города Алматы",,,7,0,,idoctor.kz,https://idoctor.kz/almaty/doctor/577903-maratly-almat#review
Койбаков Сакен Дуйсенбаевич,Паталогоанатом,Алматы,"КГППХВ ""Городское патолого-анатомическое бюро"" Управления здравоохранения города Алматы",,,7,0,,idoctor.kz,https://idoctor.kz/almaty/doctor/577904-koybakov-saken-duysenbaevich
Койбаков Сакен Дуйсенбаевич,Паталогоанатом,Алматы,"КГППХВ ""Городское патолого-анатомическое бюро"" Управления здравоохранения города Алматы",,,7,0,,idoctor.kz,https://idoctor.kz/almaty/doctor/577904-koybakov-saken-duysenbaevich#review
Бородулина Елена Кирилловна,Паталогоанатом,Алматы,"КГППХВ ""Городское патолого-анатомическое бюро"" Управления здравоохранения города Алматы",,,11,0,,idoctor.kz,https://idoctor.kz/almaty/doctor/577905-borodulina-elena-kirillovna
Бородулина Елена Кирилловна,Паталогоанатом,Алматы,"КГППХВ ""Городское патолого-анатомическое бюро"" Управления здравоохранения города Алматы",,,11,0,,idoctor.kz,https://idoctor.kz/almaty/doctor/577905-borodulina-elena-kirillovna#review
Исабеков Руслан Мухтарович,Паталогоанатом,Алматы,"КГППХВ ""Городское патолого-анатомическое бюро"" Управления здравоохранения города Алматы",,,8,0,,idoctor.kz,https://idoctor.kz/almaty/doctor/577906-isabekov-ruslan-mukhtarovich
Исабеков Руслан Мухтарович,Паталогоанатом,Алматы,"КГППХВ ""Городское патолого-анатомическое бюро"" Управления здравоохранения города Алматы",,,8,0,,idoctor.kz,https://idoctor.kz/almaty/doctor/577906-isabekov-ruslan-mukhtarovich#review
Баекенова Гауһар Мұратбекқызы,Паталогоанатом,Алматы,"КГППХВ ""Городское патолого-анатомическое бюро"" Управления здравоохранения города Алматы",5,1,10,0,,idoctor.kz,https://idoctor.kz/almaty/doctor/577908-baekenova-gauar-mratbekyzy
Баекенова Гауһар Мұратбекқызы,Паталогоанатом,Алматы,"КГППХВ ""Городское патолого-анатомическое бюро"" Управления здравоохранения города Алматы",5,1,10,0,,idoctor.kz,https://idoctor.kz/almaty/doctor/577908-baekenova-gauar-mratbekyzy#review
Бапаева Асель Куатбеккызы,Паталогоанатом,Алматы,"КГППХВ ""Городское патолого-анатомическое бюро"" Управления здравоохранения города Алматы",,,8,0,,idoctor.kz,https://idoctor.kz/almaty/doctor/577909-bapaeva-asel-kuatbekkyzy
Бапаева Асель Куатбеккызы,Паталогоанатом,Алматы,"КГППХВ ""Городское патолого-анатомическое бюро"" Управления здравоохранения города Алматы",,,8,0,,idoctor.kz,https://idoctor.kz/almaty/doctor/577909-bapaeva-asel-kuatbekkyzy#review
Дюсупова Анар Кайсариякызы,Паталогоанатом,Алматы,"КГППХВ ""Городское патолого-анатомическое бюро"" Управления здравоохранения города Алматы",,,11,0,,idoctor.kz,https://idoctor.kz/almaty/doctor/577910-dyusupova-anar-kaysariyakyzy
Дюсупова Анар Кайсариякызы,Паталогоанатом,Алматы,"КГППХВ ""Городское патолого-анатомическое бюро"" Управления здравоохранения города Алматы",,,11,0,,idoctor.kz,https://idoctor.kz/almaty/doctor/577910-dyusupova-anar-kaysariyakyzy#review
Ахметбек Ұлбосын,Паталогоанатом,Алматы,"КГППХВ ""Городское патолого-анатомическое бюро"" Управления здравоохранения города Алматы",,,7,0,,idoctor.kz,https://idoctor.kz/almaty/doctor/577911-akhmetbek-lbosyn
Ахметбек Ұлбосын,Паталогоанатом,Алматы,"КГППХВ ""Городское патолого-анатомическое бюро"" Управления здравоохранения города Алматы",,,7,0,,idoctor.kz,https://idoctor.kz/almaty/doctor/577911-akhmetbek-lbosyn#review
Базаров Даулет Ахмеджанович,Паталогоанатом,Алматы,"КГППХВ ""Городское патолого-анатомическое бюро"" Управления здравоохранения города Алматы",,,6,0,,idoctor.kz,https://idoctor.kz/almaty/doctor/577912-bazarov-daulet-akhmedzhanovich
Базаров Даулет Ахмеджанович,Паталогоанатом,Алматы,"КГППХВ ""Городское патолого-анатомическое бюро"" Управления здравоохранения города Алматы",,,6,0,,idoctor.kz,https://idoctor.kz/almaty/doctor/577912-bazarov-daulet-akhmedzhanovich#review
Жайпанова Гулнур Кудайбергеновна,Офтальмолог (окулист),Алматы,Emirmed - Медицинский центр на Нусупбекова,,,7,7000,,idoctor.kz,https://idoctor.kz/almaty/doctor/577960-zhaypanova-gulnur-kudaybergenovna
Жайпанова Гулнур Кудайбергеновна,Офтальмолог (окулист),Алматы,Emirmed - Медицинский центр на Нусупбекова,,,7,7000,,idoctor.kz,https://idoctor.kz/almaty/doctor/577960-zhaypanova-gulnur-kudaybergenovna#review
Шлекеева Баян Нурланхановна,Офтальмолог (окулист),Алматы,Центр охраны зрения “ORTOPTIC”,5,2,14,0,,idoctor.kz,https://idoctor.kz/almaty/doctor/578653-shlekeeva-bayan-nurlankhanovna
Шлекеева Баян Нурланхановна,Офтальмолог (окулист),Алматы,Центр охраны зрения “ORTOPTIC”,5,2,14,0,,idoctor.kz,https://idoctor.kz/almaty/doctor/578653-shlekeeva-bayan-nurlankhanovna#review
Жарылгапова Алмара Омирбаевна,Офтальмолог (окулист),Алматы,,5,1,14,9000,,idoctor.kz,https://idoctor.kz/almaty/doctor/578929-zharylgapova-almara-omirbaevna
Жарылгапова Алмара Омирбаевна,Офтальмолог (окулист),Алматы,,5,1,14,9000,,idoctor.kz,https://idoctor.kz/almaty/doctor/578929-zharylgapova-almara-omirbaevna#review
Ашимова Меруерт Сайлаубековна,Офтальмолог (окулист),Алматы,Perfect Vision – Глазная клиника,5,2,8,0,,idoctor.kz,https://idoctor.kz/almaty/doctor/596277-beketova-meruert-saylaubekovna
Ашимова Меруерт Сайлаубековна,Офтальмолог (окулист),Алматы,Perfect Vision – Глазная клиника,5,2,8,0,,idoctor.kz,https://idoctor.kz/almaty/doctor/596277-beketova-meruert-saylaubekovna#review
Абдукаримова Диляра Хашимжановна,Маммолог,Алматы,Promoitalia – клиника эстетической медицины,5,4,,25000,,idoctor.kz,https://idoctor.kz/almaty/doctor/608885-abdukarimova-dilyara-khashimzhanovna
Абдукаримова Диляра Хашимжановна,Маммолог,Алматы,Promoitalia – клиника эстетической медицины,5,4,,25000,,idoctor.kz,https://idoctor.kz/almaty/doctor/608885-abdukarimova-dilyara-khashimzhanovna#review
Арстамбаева Салтанат Сериковна,Офтальмолог (окулист),Алматы,AQMED - Медицинский центр на Аксай,,,,4900,,idoctor.kz,https://idoctor.kz/almaty/doctor/619838-arstambaeva-saltanat
Арстамбаева Салтанат Сериковна,Офтальмолог (окулист),Алматы,AQMED - Медицинский центр на Аксай,,,,4900,,idoctor.kz,https://idoctor.kz/almaty/doctor/619838-arstambaeva-saltanat#review
Исламов Антон Валерьевич,Психолог,Алматы,S.M.A.R.T. Lifestyle,5,152,10,50000,,idoctor.kz,https://idoctor.kz/almaty/doctor/620002-ivanov-anton-valerevich
Исламов Антон Валерьевич,Психолог,Алматы,S.M.A.R.T. Lifestyle,5,152,10,50000,,idoctor.kz,https://idoctor.kz/almaty/doctor/620002-ivanov-anton-valerevich#review
Абдухалик Лаура Сабиткызы,Оптометрист,Алматы,"Сеть оптик Actual Optic, филиал в ТРЦ «FORUM Almaty»",,,8,6000,,idoctor.kz,https://idoctor.kz/almaty/doctor/620394-abdukhalik-laura-sabitkyzy
Абдухалик Лаура Сабиткызы,Оптометрист,Алматы,"Сеть оптик Actual Optic, филиал в ТРЦ «FORUM Almaty»",,,8,6000,,idoctor.kz,https://idoctor.kz/almaty/doctor/620394-abdukhalik-laura-sabitkyzy#review
Кажигалиева Саветкул Чаймкуловна,Офтальмолог (окулист),Алматы,"Медицинский центр ""Сункар"" на Жубанова",5,1,30,5000,,idoctor.kz,https://idoctor.kz/almaty/doctor/620476-kazhigalieva-savetkul-chaymkulovna
Кажигалиева Саветкул Чаймкуловна,Офтальмолог (окулист),Алматы,"Медицинский центр ""Сункар"" на Жубанова",5,1,30,5000,,idoctor.kz,https://idoctor.kz/almaty/doctor/620476-kazhigalieva-savetkul-chaymkulovna#review
Гоголина Наталья Анатольевна,Семейный психолог,Алматы,"Клиника ""Век""",,,26,0,,idoctor.kz,https://idoctor.kz/almaty/doctor/620660-gogolina-natalya-anatolevna
Гоголина Наталья Анатольевна,Семейный психолог,Алматы,"Клиника ""Век""",,,26,0,,idoctor.kz,https://idoctor.kz/almaty/doctor/620660-gogolina-natalya-anatolevna#review
Ниязов Марат Рашидович,Мануальный терапевт,Алматы,Клиника Доктора Ниязова,4,10,35,0,,idoctor.kz,https://idoctor.kz/almaty/doctor/6587-niyazov-marat-rashidovich
Ниязов Марат Рашидович,Мануальный терапевт,Алматы,Клиника Доктора Ниязова,4,10,35,0,,idoctor.kz,https://idoctor.kz/almaty/doctor/6587-niyazov-marat-rashidovich#review
Сахипов Муса Мендыбаевич,Хирург,Алматы,,5,7,16,0,,idoctor.kz,https://idoctor.kz/almaty/doctor/7146-sahipov-musa-mendyibaevich
Сыдыкова Аэлита Асановна,Маммолог,Алматы,MamaVita - Центр женского здоровья на Навои,5,1,9,20000,,idoctor.kz,https://idoctor.kz/almaty/doctor/7352-syidyikova-aelita-ondasyinovna
Сыдыкова Аэлита Асановна,Маммолог,Алматы,MamaVita - Центр женского здоровья на Навои,5,1,9,20000,,idoctor.kz,https://idoctor.kz/almaty/doctor/7352-syidyikova-aelita-ondasyinovna#review
Меерманова Жанар Базарбековна,Офтальмолог (окулист),Алматы,Региональный Диагностический Центр,1,1,30,0,,idoctor.kz,https://idoctor.kz/almaty/doctor/8274-meermanova-janar-bazarbekovna
Меерманова Жанар Базарбековна,Офтальмолог (окулист),Алматы,Региональный Диагностический Центр,1,1,30,0,,idoctor.kz,https://idoctor.kz/almaty/doctor/8274-meermanova-janar-bazarbekovna#review
Шашкин Чингиз Сакаевич,Хирург,Алматы,,5,17,16,10000,,idoctor.kz,https://idoctor.kz/almaty/doctor/8683-shashkin-chingiz-sakaevich
Исанова Сауле Омирсериковна,Офтальмолог (окулист),Алматы,Институт эндокринологии,,,29,9000,,idoctor.kz,https://idoctor.kz/almaty/doctor/8983-isanova-saule-omirserikovna
Исанова Сауле Омирсериковна,Офтальмолог (окулист),Алматы,Институт эндокринологии,,,29,9000,,idoctor.kz,https://idoctor.kz/almaty/doctor/8983-isanova-saule-omirserikovna#review
